{
	"class_name" : "PinholeCameraParameters",
	"extrinsic" : 
	[
		0.87026869847356436,
		0.080744272931525668,
		0.48591434928996252,
		0.0,
		-0.054127525370573366,
		-0.96482339823222252,
		0.25726644013723243,
		0.0,
		0.48959432539030345,
		-0.25019227128827448,
		-0.83528511535476813,
		0.0,
		-0.65286594879527138,
		0.56713681716539144,
		1.2584818934056852,
		1.0
	],
	"intrinsic" : 
	{
		"height" : 1080,
		"intrinsic_matrix" : 
		[
			935.30743608719376,
			0.0,
			0.0,
			0.0,
			935.30743608719376,
			0.0,
			959.5,
			539.5,
			1.0
		],
		"width" : 1920
	},
	"version_major" : 1,
	"version_minor" : 0
}